{"cans":2,"treePosX":-6.032715388617137,"treePosZ":10.40106621569141,"displayTree":true,"boardPosX":-3.088855546096935,"boardPosZ":-0.28411398154702283,"displayBoard":true,"elephantPosX":-1.2624678604797113,"elephantPosZ":-1.1985116593389815,"displayElephant":true,"indivState1":"none","indivState2":"none","indivState3":"none","state":"none","feedSpecialCount":6}